"";"status";"length"
"1";1;1
"2";1;1
"3";1;1
"4";1;1
"5";1;1
"6";1;1
"7";1;1
"8";1;1
"9";2;1
"10";2;1
"11";2;1
"12";2;1
"13";2;1
"14";2;1
"15";2;1
"16";2;1
"17";2;1
"18";2;1
"19";1;2
"20";1;2
"21";1;2
"22";1;2
"23";1;2
"24";1;2
"25";1;2
"26";1;2
"27";1;2
"28";1;2
"29";1;2
"30";1;2
"31";1;2
"32";1;2
"33";1;2
"34";1;2
"35";1;2
"36";1;2
"37";1;2
"38";1;2
"39";1;2
"40";1;2
"41";1;2
"42";1;2
"43";1;2
"44";1;2
"45";1;2
"46";1;2
"47";1;2
"48";1;2
"49";1;2
"50";1;2
"51";1;2
"52";1;2
"53";1;2
"54";2;2
"55";2;2
"56";2;2
"57";2;2
"58";2;2
"59";2;2
"60";2;2
"61";2;2
"62";2;2
"63";2;2
"64";2;2
"65";2;2
"66";2;2
"67";2;2
"68";2;2
"69";2;2
"70";2;2
"71";2;2
"72";2;2
"73";2;2
"74";2;2
"75";2;2
"76";2;2
"77";2;2
"78";2;2
"79";2;2
"80";2;2
"81";2;2
"82";2;2
"83";2;2
"84";2;2
"85";2;2
"86";2;2
"87";2;2
"88";2;2
"89";2;2
"90";2;2
"91";2;2
"92";2;2
"93";2;2
"94";2;2
"95";2;2
"96";1;3
"97";1;3
"98";1;3
"99";1;3
"100";1;3
"101";1;3
"102";1;3
"103";1;3
"104";1;3
"105";1;3
"106";1;3
"107";1;3
"108";1;3
"109";1;3
"110";1;3
"111";1;3
"112";1;3
"113";1;3
"114";1;3
"115";1;3
"116";1;3
"117";1;3
"118";1;3
"119";1;3
"120";1;3
"121";1;3
"122";1;3
"123";1;3
"124";1;3
"125";1;3
"126";1;3
"127";1;3
"128";1;3
"129";1;3
"130";1;3
"131";1;3
"132";1;3
"133";1;3
"134";1;3
"135";1;3
"136";1;3
"137";1;3
"138";1;3
"139";1;3
"140";1;3
"141";1;3
"142";1;3
"143";1;3
"144";1;3
"145";1;3
"146";1;3
"147";1;3
"148";1;3
"149";1;3
"150";1;3
"151";1;3
"152";1;3
"153";1;3
"154";1;3
"155";1;3
"156";1;3
"157";1;3
"158";1;3
"159";1;3
"160";1;3
"161";1;3
"162";1;3
"163";1;3
"164";1;3
"165";1;3
"166";2;3
"167";2;3
"168";2;3
"169";2;3
"170";2;3
"171";2;3
"172";2;3
"173";2;3
"174";2;3
"175";2;3
"176";2;3
"177";2;3
"178";2;3
"179";2;3
"180";2;3
"181";2;3
"182";2;3
"183";2;3
"184";2;3
"185";2;3
"186";2;3
"187";2;3
"188";2;3
"189";2;3
"190";2;3
"191";2;3
"192";2;3
"193";2;3
"194";2;3
"195";2;3
"196";2;3
"197";2;3
"198";2;3
"199";2;3
"200";2;3
"201";2;3
"202";2;3
"203";2;3
"204";2;3
"205";2;3
"206";2;3
"207";2;3
"208";2;3
"209";2;3
"210";2;3
"211";2;3
"212";2;3
"213";2;3
"214";2;3
"215";2;3
"216";2;3
"217";2;3
"218";2;3
"219";2;3
"220";2;3
"221";2;3
"222";2;3
"223";2;3
"224";2;3
"225";2;3
"226";2;3
"227";2;3
"228";2;3
"229";2;3
"230";2;3
"231";2;3
"232";2;3
"233";2;3
"234";2;3
"235";2;3
"236";2;3
"237";2;3
"238";2;3
"239";2;3
"240";2;3
"241";2;3
"242";2;3
"243";2;3
"244";2;3
"245";2;3
"246";2;3
"247";2;3
"248";2;3
"249";2;3
"250";2;3
"251";2;3
"252";1;4
"253";1;4
"254";1;4
"255";1;4
"256";1;4
"257";1;4
"258";1;4
"259";1;4
"260";1;4
"261";1;4
"262";1;4
"263";1;4
"264";1;4
"265";1;4
"266";1;4
"267";1;4
"268";1;4
"269";1;4
"270";1;4
"271";1;4
"272";1;4
"273";1;4
"274";1;4
"275";1;4
"276";1;4
"277";1;4
"278";1;4
"279";1;4
"280";1;4
"281";1;4
"282";1;4
"283";1;4
"284";1;4
"285";1;4
"286";1;4
"287";1;4
"288";1;4
"289";1;4
"290";1;4
"291";1;4
"292";1;4
"293";1;4
"294";1;4
"295";1;4
"296";1;4
"297";1;4
"298";1;4
"299";1;4
"300";1;4
"301";1;4
"302";1;4
"303";1;4
"304";1;4
"305";1;4
"306";1;4
"307";1;4
"308";1;4
"309";1;4
"310";1;4
"311";1;4
"312";1;4
"313";1;4
"314";2;4
"315";2;4
"316";2;4
"317";2;4
"318";2;4
"319";2;4
"320";2;4
"321";2;4
"322";2;4
"323";2;4
"324";2;4
"325";2;4
"326";2;4
"327";2;4
"328";2;4
"329";2;4
"330";2;4
"331";2;4
"332";2;4
"333";2;4
"334";2;4
"335";2;4
"336";2;4
"337";2;4
"338";2;4
"339";2;4
"340";2;4
"341";2;4
"342";2;4
"343";2;4
"344";2;4
"345";2;4
"346";2;4
"347";2;4
"348";2;4
"349";2;4
"350";2;4
"351";2;4
"352";2;4
"353";2;4
"354";2;4
"355";2;4
"356";2;4
"357";2;4
"358";2;4
"359";2;4
"360";2;4
"361";2;4
"362";2;4
"363";2;4
"364";2;4
"365";2;4
"366";2;4
"367";2;4
"368";2;4
"369";2;4
"370";2;4
"371";2;4
"372";2;4
"373";2;4
"374";2;4
"375";2;4
"376";2;4
"377";2;4
"378";2;4
"379";2;4
"380";2;4
"381";2;4
"382";2;4
"383";2;4
"384";2;4
"385";2;4
"386";2;4
"387";2;4
"388";2;4
"389";2;4
"390";2;4
"391";2;4
"392";2;4
"393";2;4
"394";1;5
"395";1;5
"396";1;5
"397";1;5
"398";1;5
"399";1;5
"400";1;5
"401";1;5
"402";1;5
"403";1;5
"404";1;5
"405";1;5
"406";1;5
"407";1;5
"408";1;5
"409";1;5
"410";1;5
"411";1;5
"412";1;5
"413";1;5
"414";1;5
"415";1;5
"416";1;5
"417";1;5
"418";1;5
"419";1;5
"420";1;5
"421";1;5
"422";1;5
"423";1;5
"424";1;5
"425";1;5
"426";1;5
"427";1;5
"428";1;5
"429";1;5
"430";1;5
"431";1;5
"432";1;5
"433";1;5
"434";1;5
"435";1;5
"436";1;5
"437";1;5
"438";1;5
"439";1;5
"440";1;5
"441";1;5
"442";1;5
"443";1;5
"444";1;5
"445";1;5
"446";1;5
"447";1;5
"448";1;5
"449";1;5
"450";2;5
"451";2;5
"452";2;5
"453";2;5
"454";2;5
"455";2;5
"456";2;5
"457";2;5
"458";2;5
"459";2;5
"460";2;5
"461";2;5
"462";2;5
"463";2;5
"464";2;5
"465";2;5
"466";2;5
"467";2;5
"468";2;5
"469";2;5
"470";2;5
"471";2;5
"472";2;5
"473";2;5
"474";2;5
"475";2;5
"476";2;5
"477";2;5
"478";2;5
"479";2;5
"480";2;5
"481";2;5
"482";2;5
"483";2;5
"484";2;5
"485";2;5
"486";2;5
"487";2;5
"488";2;5
"489";2;5
"490";2;5
"491";2;5
"492";2;5
"493";2;5
"494";2;5
"495";2;5
"496";2;5
"497";2;5
"498";2;5
"499";2;5
"500";2;5
"501";2;5
"502";2;5
"503";2;5
"504";2;5
"505";2;5
"506";2;5
"507";2;5
"508";2;5
"509";2;5
"510";2;5
"511";2;5
"512";2;5
"513";2;5
"514";2;5
"515";2;5
"516";2;5
"517";1;6
"518";1;6
"519";1;6
"520";1;6
"521";1;6
"522";1;6
"523";1;6
"524";1;6
"525";1;6
"526";1;6
"527";1;6
"528";1;6
"529";1;6
"530";1;6
"531";1;6
"532";1;6
"533";1;6
"534";1;6
"535";1;6
"536";1;6
"537";1;6
"538";1;6
"539";1;6
"540";1;6
"541";1;6
"542";1;6
"543";1;6
"544";1;6
"545";1;6
"546";1;6
"547";1;6
"548";1;6
"549";1;6
"550";1;6
"551";1;6
"552";1;6
"553";1;6
"554";1;6
"555";2;6
"556";2;6
"557";2;6
"558";2;6
"559";2;6
"560";2;6
"561";2;6
"562";2;6
"563";2;6
"564";2;6
"565";2;6
"566";2;6
"567";2;6
"568";2;6
"569";2;6
"570";2;6
"571";2;6
"572";2;6
"573";2;6
"574";2;6
"575";2;6
"576";2;6
"577";2;6
"578";2;6
"579";2;6
"580";2;6
"581";2;6
"582";2;6
"583";2;6
"584";2;6
"585";2;6
"586";2;6
"587";2;6
"588";2;6
"589";2;6
"590";1;1
"591";1;1
"592";1;1
"593";1;1
"594";1;1
"595";1;1
"596";1;1
"597";1;1
"598";1;1
"599";1;1
"600";1;1
"601";1;1
"602";1;1
"603";1;1
"604";1;1
"605";1;1
"606";1;1
"607";1;1
"608";1;1
"609";1;1
"610";1;1
"611";1;1
"612";1;1
"613";1;1
"614";1;1
"615";1;1
"616";1;1
"617";1;1
"618";1;1
"619";1;1
"620";1;1
"621";1;1
"622";1;1
"623";1;1
"624";1;1
"625";1;1
"626";1;1
"627";1;1
"628";1;1
"629";1;1
"630";2;1
"631";2;1
"632";2;1
"633";2;1
"634";2;1
"635";2;1
"636";2;1
"637";2;1
"638";2;1
"639";2;1
"640";2;1
"641";2;1
"642";2;1
"643";2;1
"644";2;1
"645";2;1
"646";2;1
"647";2;1
"648";2;1
"649";2;1
"650";2;1
"651";2;1
"652";2;1
"653";2;1
"654";1;2
"655";1;2
"656";1;2
"657";1;2
"658";1;2
"659";1;2
"660";1;2
"661";1;2
"662";1;2
"663";1;2
"664";1;2
"665";1;2
"666";1;2
"667";1;2
"668";1;2
"669";1;2
"670";1;2
"671";1;2
"672";1;2
"673";1;2
"674";1;2
"675";1;2
"676";1;2
"677";1;2
"678";1;2
"679";1;2
"680";1;2
"681";1;2
"682";1;2
"683";1;2
"684";1;2
"685";1;2
"686";1;2
"687";1;2
"688";1;2
"689";1;2
"690";1;2
"691";1;2
"692";1;2
"693";1;2
"694";1;2
"695";1;2
"696";1;2
"697";1;2
"698";1;2
"699";1;2
"700";1;2
"701";1;2
"702";1;2
"703";1;2
"704";1;2
"705";1;2
"706";1;2
"707";1;2
"708";1;2
"709";1;2
"710";1;2
"711";1;2
"712";1;2
"713";1;2
"714";1;2
"715";1;2
"716";1;2
"717";1;2
"718";1;2
"719";1;2
"720";1;2
"721";1;2
"722";1;2
"723";1;2
"724";1;2
"725";1;2
"726";1;2
"727";1;2
"728";1;2
"729";1;2
"730";1;2
"731";1;2
"732";1;2
"733";1;2
"734";1;2
"735";1;2
"736";1;2
"737";1;2
"738";1;2
"739";2;2
"740";2;2
"741";2;2
"742";2;2
"743";2;2
"744";2;2
"745";2;2
"746";2;2
"747";2;2
"748";2;2
"749";2;2
"750";2;2
"751";2;2
"752";2;2
"753";2;2
"754";2;2
"755";2;2
"756";2;2
"757";2;2
"758";2;2
"759";2;2
"760";2;2
"761";2;2
"762";2;2
"763";2;2
"764";2;2
"765";2;2
"766";2;2
"767";2;2
"768";2;2
"769";2;2
"770";2;2
"771";2;2
"772";2;2
"773";2;2
"774";2;2
"775";2;2
"776";2;2
"777";2;2
"778";2;2
"779";2;2
"780";2;2
"781";1;3
"782";1;3
"783";1;3
"784";1;3
"785";1;3
"786";1;3
"787";1;3
"788";1;3
"789";1;3
"790";1;3
"791";1;3
"792";1;3
"793";1;3
"794";1;3
"795";1;3
"796";1;3
"797";1;3
"798";1;3
"799";1;3
"800";1;3
"801";1;3
"802";1;3
"803";1;3
"804";1;3
"805";1;3
"806";1;3
"807";1;3
"808";1;3
"809";1;3
"810";1;3
"811";1;3
"812";1;3
"813";1;3
"814";1;3
"815";1;3
"816";1;3
"817";1;3
"818";1;3
"819";1;3
"820";1;3
"821";1;3
"822";1;3
"823";1;3
"824";1;3
"825";1;3
"826";1;3
"827";1;3
"828";1;3
"829";1;3
"830";1;3
"831";1;3
"832";1;3
"833";1;3
"834";1;3
"835";1;3
"836";1;3
"837";1;3
"838";1;3
"839";1;3
"840";1;3
"841";1;3
"842";1;3
"843";1;3
"844";1;3
"845";1;3
"846";1;3
"847";1;3
"848";1;3
"849";1;3
"850";1;3
"851";1;3
"852";1;3
"853";1;3
"854";1;3
"855";1;3
"856";1;3
"857";1;3
"858";1;3
"859";1;3
"860";1;3
"861";1;3
"862";1;3
"863";1;3
"864";1;3
"865";1;3
"866";1;3
"867";1;3
"868";1;3
"869";1;3
"870";1;3
"871";1;3
"872";1;3
"873";1;3
"874";1;3
"875";1;3
"876";1;3
"877";1;3
"878";1;3
"879";1;3
"880";1;3
"881";1;3
"882";1;3
"883";1;3
"884";1;3
"885";1;3
"886";1;3
"887";1;3
"888";1;3
"889";1;3
"890";1;3
"891";1;3
"892";1;3
"893";1;3
"894";1;3
"895";1;3
"896";1;3
"897";1;3
"898";1;3
"899";1;3
"900";1;3
"901";1;3
"902";1;3
"903";1;3
"904";1;3
"905";1;3
"906";1;3
"907";1;3
"908";1;3
"909";1;3
"910";1;3
"911";1;3
"912";1;3
"913";1;3
"914";1;3
"915";1;3
"916";1;3
"917";1;3
"918";1;3
"919";1;3
"920";1;3
"921";1;3
"922";1;3
"923";1;3
"924";1;3
"925";1;3
"926";1;3
"927";1;3
"928";1;3
"929";1;3
"930";1;3
"931";1;3
"932";1;3
"933";1;3
"934";1;3
"935";1;3
"936";1;3
"937";1;3
"938";1;3
"939";1;3
"940";1;3
"941";1;3
"942";1;3
"943";1;3
"944";1;3
"945";1;3
"946";1;3
"947";1;3
"948";1;3
"949";1;3
"950";1;3
"951";1;3
"952";1;3
"953";1;3
"954";1;3
"955";1;3
"956";1;3
"957";1;3
"958";1;3
"959";1;3
"960";1;3
"961";1;3
"962";2;3
"963";2;3
"964";2;3
"965";2;3
"966";2;3
"967";2;3
"968";2;3
"969";2;3
"970";2;3
"971";2;3
"972";2;3
"973";2;3
"974";2;3
"975";2;3
"976";2;3
"977";2;3
"978";2;3
"979";2;3
"980";2;3
"981";2;3
"982";2;3
"983";2;3
"984";2;3
"985";2;3
"986";2;3
"987";2;3
"988";2;3
"989";2;3
"990";2;3
"991";2;3
"992";2;3
"993";2;3
"994";2;3
"995";2;3
"996";2;3
"997";2;3
"998";2;3
"999";2;3
"1000";2;3
"1001";2;3
"1002";2;3
"1003";1;4
"1004";1;4
"1005";1;4
"1006";1;4
"1007";1;4
"1008";1;4
"1009";1;4
"1010";1;4
"1011";1;4
"1012";1;4
"1013";1;4
"1014";1;4
"1015";1;4
"1016";1;4
"1017";1;4
"1018";1;4
"1019";1;4
"1020";1;4
"1021";1;4
"1022";1;4
"1023";1;4
"1024";1;4
"1025";1;4
"1026";1;4
"1027";1;4
"1028";1;4
"1029";1;4
"1030";1;4
"1031";1;4
"1032";1;4
"1033";1;4
"1034";1;4
"1035";1;4
"1036";1;4
"1037";1;4
"1038";1;4
"1039";1;4
"1040";1;4
"1041";1;4
"1042";1;4
"1043";1;4
"1044";1;4
"1045";1;4
"1046";1;4
"1047";1;4
"1048";1;4
"1049";1;4
"1050";1;4
"1051";1;4
"1052";1;4
"1053";1;4
"1054";1;4
"1055";1;4
"1056";1;4
"1057";1;4
"1058";1;4
"1059";1;4
"1060";1;4
"1061";1;4
"1062";1;4
"1063";1;4
"1064";1;4
"1065";1;4
"1066";1;4
"1067";1;4
"1068";1;4
"1069";1;4
"1070";1;4
"1071";1;4
"1072";1;4
"1073";1;4
"1074";1;4
"1075";1;4
"1076";1;4
"1077";1;4
"1078";1;4
"1079";1;4
"1080";1;4
"1081";1;4
"1082";1;4
"1083";1;4
"1084";1;4
"1085";1;4
"1086";1;4
"1087";1;4
"1088";2;4
"1089";2;4
"1090";2;4
"1091";2;4
"1092";2;4
"1093";2;4
"1094";2;4
"1095";2;4
"1096";2;4
"1097";2;4
"1098";2;4
"1099";2;4
"1100";2;4
"1101";2;4
"1102";2;4
"1103";2;4
"1104";1;5
"1105";1;5
"1106";1;5
"1107";1;5
"1108";1;5
"1109";1;5
"1110";1;5
"1111";1;5
"1112";1;5
"1113";1;5
"1114";1;5
"1115";1;5
"1116";1;5
"1117";1;5
"1118";1;5
"1119";1;5
"1120";1;5
"1121";1;5
"1122";1;5
"1123";1;5
"1124";1;5
"1125";1;5
"1126";1;5
"1127";1;5
"1128";1;5
"1129";1;5
"1130";1;5
"1131";1;5
"1132";1;5
"1133";1;5
"1134";1;5
"1135";1;5
"1136";1;5
"1137";1;5
"1138";1;5
"1139";1;5
"1140";1;5
"1141";1;5
"1142";1;5
"1143";1;5
"1144";1;5
"1145";1;5
"1146";1;5
"1147";1;5
"1148";1;5
"1149";1;5
"1150";1;5
"1151";1;5
"1152";1;5
"1153";1;5
"1154";1;5
"1155";1;5
"1156";1;5
"1157";1;5
"1158";1;5
"1159";1;5
"1160";1;5
"1161";1;5
"1162";1;5
"1163";1;5
"1164";1;5
"1165";1;5
"1166";1;5
"1167";1;5
"1168";1;5
"1169";1;5
"1170";1;5
"1171";1;5
"1172";1;5
"1173";1;5
"1174";1;5
"1175";1;5
"1176";1;5
"1177";1;5
"1178";1;5
"1179";1;5
"1180";1;5
"1181";1;5
"1182";1;5
"1183";1;5
"1184";1;5
"1185";1;5
"1186";1;5
"1187";1;5
"1188";1;5
"1189";1;5
"1190";1;5
"1191";1;5
"1192";1;5
"1193";1;5
"1194";1;5
"1195";1;5
"1196";1;5
"1197";1;5
"1198";1;5
"1199";1;5
"1200";1;5
"1201";1;5
"1202";1;5
"1203";1;5
"1204";1;5
"1205";1;5
"1206";1;5
"1207";1;5
"1208";1;5
"1209";1;5
"1210";1;5
"1211";1;5
"1212";1;5
"1213";1;5
"1214";1;5
"1215";1;5
"1216";1;5
"1217";1;5
"1218";1;5
"1219";1;5
"1220";1;5
"1221";1;5
"1222";2;5
"1223";2;5
"1224";2;5
"1225";2;5
"1226";2;5
"1227";2;5
"1228";2;5
"1229";2;5
"1230";2;5
"1231";2;5
"1232";2;5
"1233";2;5
"1234";2;5
"1235";2;5
"1236";2;5
"1237";2;5
"1238";2;5
"1239";2;5
"1240";2;5
"1241";2;5
"1242";2;5
"1243";2;5
"1244";2;5
"1245";2;5
"1246";2;5
"1247";2;5
"1248";2;5
"1249";1;6
"1250";1;6
"1251";1;6
"1252";1;6
"1253";1;6
"1254";1;6
"1255";1;6
"1256";1;6
"1257";1;6
"1258";1;6
"1259";1;6
"1260";1;6
"1261";1;6
"1262";1;6
"1263";1;6
"1264";1;6
"1265";1;6
"1266";1;6
"1267";1;6
"1268";1;6
"1269";1;6
"1270";1;6
"1271";1;6
"1272";1;6
"1273";1;6
"1274";1;6
"1275";1;6
"1276";1;6
"1277";1;6
"1278";1;6
"1279";1;6
"1280";1;6
"1281";1;6
"1282";1;6
"1283";1;6
"1284";1;6
"1285";1;6
"1286";1;6
"1287";1;6
"1288";1;6
"1289";1;6
"1290";1;6
"1291";1;6
"1292";1;6
"1293";1;6
"1294";1;6
"1295";1;6
"1296";1;6
"1297";1;6
"1298";1;6
"1299";1;6
"1300";1;6
"1301";1;6
"1302";1;6
"1303";1;6
"1304";1;6
"1305";2;6
"1306";2;6
"1307";2;6
"1308";2;6
"1309";2;6
"1310";2;6
"1311";2;6
"1312";2;6
"1313";2;6
"1314";2;6
